Experimento,N,Modo,Estructura,Q,Tiempo_Promedio_us,Desviacion_Estandar_us,Repeticiones,Repeticiones_Validas
Insercion,1000,IDs Aleatorios,ListaEnlazada,,360.40000850334764,12.348852410214091,5,4
Busqueda,1000,IDs Aleatorios,ListaEnlazada,10.0,746.379978954792,156.78520843627598,5,5
Busqueda,1000,IDs Aleatorios,ListaEnlazada,100.0,8653.375087305903,788.9572931328333,5,4
Busqueda,1000,IDs Aleatorios,ListaEnlazada,1000.0,104903.24003621936,4970.340907595216,5,5
Busqueda,1000,IDs Aleatorios,ListaEnlazada,10000.0,1010509.1399978846,112025.10513641963,5,5
Insercion,1000,IDs Aleatorios,ABB,,923.6499317921698,98.99330831274439,5,4
Busqueda,1000,IDs Aleatorios,ABB,10.0,8.125032763928175,0.5403139065409375,5,4
Busqueda,1000,IDs Aleatorios,ABB,100.0,113.09998808428645,5.352123568285701,5,4
Busqueda,1000,IDs Aleatorios,ABB,1000.0,634.5199886709452,14.74893727361235,5,5
Busqueda,1000,IDs Aleatorios,ABB,10000.0,7070.250052493066,616.4517329701278,5,4
Insercion,1000,IDs Aleatorios,ArbolBPlus,,1053.8999922573566,102.56503897009532,5,5
Busqueda,1000,IDs Aleatorios,ArbolBPlus,10.0,11.925003491342068,0.944370024116095,5,4
Busqueda,1000,IDs Aleatorios,ArbolBPlus,100.0,55.30001362785697,1.4335420958924994,5,4
Busqueda,1000,IDs Aleatorios,ArbolBPlus,1000.0,745.9999993443489,180.87224958508756,5,5
Busqueda,1000,IDs Aleatorios,ArbolBPlus,10000.0,5295.820068567991,936.2246919534916,5,5
Insercion,1000,IDs Ordenados,ListaEnlazada,,328.8600128144026,6.937901512238325,5,5
Busqueda,1000,IDs Ordenados,ListaEnlazada,10.0,660.700025036931,21.628224437772623,5,3
Busqueda,1000,IDs Ordenados,ListaEnlazada,100.0,6905.299983918667,787.6533353921026,5,5
Busqueda,1000,IDs Ordenados,ListaEnlazada,1000.0,78575.94005763531,11757.83966175299,5,5
Busqueda,1000,IDs Ordenados,ListaEnlazada,10000.0,870100.1799665391,41623.74366864478,5,5
Insercion,1000,IDs Ordenados,ABB,,16333.049978129566,844.5651451770747,5,4
Busqueda,1000,IDs Ordenados,ABB,10.0,405.3333153327306,9.791227420838657,5,3
Busqueda,1000,IDs Ordenados,ABB,100.0,3141.119983047247,655.2110794046104,5,5
Busqueda,1000,IDs Ordenados,ABB,1000.0,18622.050003614277,1949.101222831614,5,4
Busqueda,1000,IDs Ordenados,ABB,10000.0,278650.7999408059,14346.774818061804,5,4
Insercion,1000,IDs Ordenados,ArbolBPlus,,2604.6600192785263,649.2705665900111,5,5
Busqueda,1000,IDs Ordenados,ArbolBPlus,10.0,16.82504080235958,1.3160564970790685,5,4
Busqueda,1000,IDs Ordenados,ArbolBPlus,100.0,100.45995004475117,6.485859239850045,5,5
Busqueda,1000,IDs Ordenados,ArbolBPlus,1000.0,1328.6599889397621,126.14699342827802,5,5
Busqueda,1000,IDs Ordenados,ArbolBPlus,10000.0,8531.024912372231,674.9677072540458,5,4
Insercion,2500,IDs Aleatorios,ListaEnlazada,,938.2999502122402,138.95195378573408,5,5
Busqueda,2500,IDs Aleatorios,ListaEnlazada,10.0,2050.7400389760733,258.7099626177685,5,5
Busqueda,2500,IDs Aleatorios,ListaEnlazada,100.0,28799.360059201717,5712.265982242847,5,5
Busqueda,2500,IDs Aleatorios,ListaEnlazada,1000.0,253522.17501495034,16902.571937806784,5,4
Busqueda,2500,IDs Aleatorios,ListaEnlazada,10000.0,3828253.859980032,1022429.6505359625,5,5
Insercion,2500,IDs Aleatorios,ABB,,5562.199978157878,62.24634000855122,5,3
Busqueda,2500,IDs Aleatorios,ABB,10.0,19.999997069438297,0.7482542101604991,5,3
Busqueda,2500,IDs Aleatorios,ABB,100.0,172.85998910665512,10.995499554303892,5,5
Busqueda,2500,IDs Aleatorios,ABB,1000.0,1622.5749859586358,80.5096488887777,5,4
Busqueda,2500,IDs Aleatorios,ABB,10000.0,16895.300056785345,353.9461181650394,5,5
Insercion,2500,IDs Aleatorios,ArbolBPlus,,6359.533251573642,133.95213715029848,5,3
Busqueda,2500,IDs Aleatorios,ArbolBPlus,10.0,17.02498411759734,0.6832291636125422,5,4
Busqueda,2500,IDs Aleatorios,ArbolBPlus,100.0,131.37503992766142,1.4989358952595624,5,4
Busqueda,2500,IDs Aleatorios,ArbolBPlus,1000.0,1592.3600643873215,171.99920292202978,5,5
Busqueda,2500,IDs Aleatorios,ArbolBPlus,10000.0,14052.300073672086,647.3895198796952,5,4
Insercion,2500,IDs Ordenados,ListaEnlazada,,2006.474940571934,202.93248688941878,5,4
Busqueda,2500,IDs Ordenados,ListaEnlazada,10.0,4351.0399758815765,373.55962994694744,5,5
Busqueda,2500,IDs Ordenados,ListaEnlazada,100.0,44111.28000356257,3287.131645723347,5,5
Busqueda,2500,IDs Ordenados,ListaEnlazada,1000.0,477740.09994463995,1085.4745172028313,5,4
Busqueda,2500,IDs Ordenados,ListaEnlazada,10000.0,4701587.920030579,100440.41596692758,5,5
Insercion,2500,IDs Ordenados,ABB,,254161.06668611369,1575.0743764777326,5,3
Busqueda,2500,IDs Ordenados,ABB,10.0,1013.4599637240171,245.85075602504415,5,5
Busqueda,2500,IDs Ordenados,ABB,100.0,10519.774979911745,460.1535207178713,5,4
Busqueda,2500,IDs Ordenados,ABB,1000.0,116663.27998973429,5337.852751781739,5,5
Busqueda,2500,IDs Ordenados,ABB,10000.0,816447.6800244302,210524.30336559901,5,5
Insercion,2500,IDs Ordenados,ArbolBPlus,,2787.75003971532,57.01060610867119,5,4
Busqueda,2500,IDs Ordenados,ArbolBPlus,10.0,9.674986358731985,2.093427326646835,5,4
Busqueda,2500,IDs Ordenados,ArbolBPlus,100.0,64.47505438700318,0.6869802463168636,5,4
Busqueda,2500,IDs Ordenados,ArbolBPlus,1000.0,576.599920168519,28.665216823415516,5,5
Busqueda,2500,IDs Ordenados,ArbolBPlus,10000.0,10892.399974788228,61.737005265461605,5,3
Insercion,5000,IDs Aleatorios,ListaEnlazada,,2569.6999859064817,843.836271184781,5,5
Busqueda,5000,IDs Aleatorios,ListaEnlazada,10.0,3647.700126748532,329.83713410601456,5,4
Busqueda,5000,IDs Aleatorios,ListaEnlazada,100.0,53353.44997001812,2058.3766268489603,5,4
Busqueda,5000,IDs Aleatorios,ListaEnlazada,1000.0,519587.5666880359,13793.049364212035,5,3
Busqueda,5000,IDs Aleatorios,ListaEnlazada,10000.0,5276741.339964792,128476.74560740408,5,5
Insercion,5000,IDs Aleatorios,ABB,,8713.150047697127,259.21099502430854,5,4
Busqueda,5000,IDs Aleatorios,ABB,10.0,23.874978069216013,1.5611511718838866,5,4
Busqueda,5000,IDs Aleatorios,ABB,100.0,100.20001791417599,9.548382566534372,5,5
Busqueda,5000,IDs Aleatorios,ABB,1000.0,1442.019920796156,329.75680821702065,5,5
Busqueda,5000,IDs Aleatorios,ABB,10000.0,14197.559980675578,682.8092035702767,5,5
Insercion,5000,IDs Aleatorios,ArbolBPlus,,9045.000032832226,144.0973471521287,5,3
Busqueda,5000,IDs Aleatorios,ArbolBPlus,10.0,9.25001222640276,0.3201495643520417,5,4
Busqueda,5000,IDs Aleatorios,ArbolBPlus,100.0,69.55000571906567,2.207405317521701,5,4
Busqueda,5000,IDs Aleatorios,ArbolBPlus,1000.0,916.880089789629,233.89326511271594,5,5
Busqueda,5000,IDs Aleatorios,ArbolBPlus,10000.0,9396.079927682877,563.4324130607988,5,5
Insercion,5000,IDs Ordenados,ListaEnlazada,,3027.619980275631,489.27195070032457,5,5
Busqueda,5000,IDs Ordenados,ListaEnlazada,10.0,5077.62492634356,384.72561078712266,5,4
Busqueda,5000,IDs Ordenados,ListaEnlazada,100.0,50884.833404173456,528.2654362016476,5,3
Busqueda,5000,IDs Ordenados,ListaEnlazada,1000.0,624522.7000210434,140500.77987984006,5,5
Busqueda,5000,IDs Ordenados,ListaEnlazada,10000.0,8356756.225111894,123658.95380262694,5,4
Insercion,5000,IDs Ordenados,ABB,,715974.6999852359,24634.405034036507,5,5
Busqueda,5000,IDs Ordenados,ABB,10.0,1587.9000537097454,176.7939933477083,5,5
Busqueda,5000,IDs Ordenados,ABB,100.0,17253.000056371093,367.323897150559,5,4
Busqueda,5000,IDs Ordenados,ABB,1000.0,167122.65013484284,3423.1956764482393,5,4
Busqueda,5000,IDs Ordenados,ABB,10000.0,1648038.5666557897,2393.6377835642884,5,3
Insercion,5000,IDs Ordenados,ArbolBPlus,,11414.720071479678,46.1456701274294,5,5
Busqueda,5000,IDs Ordenados,ArbolBPlus,10.0,15.666630739967028,0.12468138335805243,5,3
Busqueda,5000,IDs Ordenados,ArbolBPlus,100.0,131.26004487276077,14.832551199842156,5,5
Busqueda,5000,IDs Ordenados,ArbolBPlus,1000.0,1277.5199953466654,53.12307897873445,5,5
Busqueda,5000,IDs Ordenados,ArbolBPlus,10000.0,12112.999940291047,216.88326511649916,5,5
Insercion,7500,IDs Aleatorios,ListaEnlazada,,6449.199980124831,299.3599719610145,5,5
Busqueda,7500,IDs Aleatorios,ListaEnlazada,10.0,14729.199977591634,2094.4109963095225,5,5
Busqueda,7500,IDs Aleatorios,ListaEnlazada,100.0,149327.92000472546,4520.976421268973,5,5
Busqueda,7500,IDs Aleatorios,ListaEnlazada,1000.0,1255595.5400690436,60120.08517600767,5,5
Busqueda,7500,IDs Aleatorios,ListaEnlazada,10000.0,13652864.119969308,801549.2083420203,5,5
Insercion,7500,IDs Aleatorios,ABB,,13730.77998869121,3443.5776244022068,5,5
Busqueda,7500,IDs Aleatorios,ABB,10.0,28.86001020669937,4.7195255606868205,5,5
Busqueda,7500,IDs Aleatorios,ABB,100.0,218.72003562748432,7.784669508356537,5,5
Busqueda,7500,IDs Aleatorios,ABB,1000.0,2784.120012074709,357.77471272538486,5,5
Busqueda,7500,IDs Aleatorios,ABB,10000.0,21540.179941803217,2341.591189464433,5,5
Insercion,7500,IDs Aleatorios,ArbolBPlus,,20520.4333178699,81.21746301801944,5,3
Busqueda,7500,IDs Aleatorios,ArbolBPlus,10.0,32.16671757400036,0.6235728295635022,5,3
Busqueda,7500,IDs Aleatorios,ArbolBPlus,100.0,197.080010548234,46.12570079767234,5,5
Busqueda,7500,IDs Aleatorios,ArbolBPlus,1000.0,1526.900043245405,88.52364546690845,5,4
Busqueda,7500,IDs Aleatorios,ArbolBPlus,10000.0,14165.079966187477,1293.3043735234726,5,5
Insercion,7500,IDs Ordenados,ListaEnlazada,,6191.749940626323,27.848365556135253,5,4
Busqueda,7500,IDs Ordenados,ListaEnlazada,10.0,14488.620031625032,2622.4030400425027,5,5
Busqueda,7500,IDs Ordenados,ListaEnlazada,100.0,151988.55996131897,15523.940786546822,5,5
Busqueda,7500,IDs Ordenados,ListaEnlazada,1000.0,1347175.9499516338,18799.83789676228,5,4
Busqueda,7500,IDs Ordenados,ListaEnlazada,10000.0,17057933.440012857,2351028.819838224,5,5
Insercion,7500,IDs Ordenados,ABB,,2092402.100050822,545333.6269551398,5,5
Busqueda,7500,IDs Ordenados,ABB,10.0,4436.15997210145,977.0190398926127,5,5
Busqueda,7500,IDs Ordenados,ABB,100.0,37712.100020144135,390.68638403561835,5,4
Busqueda,7500,IDs Ordenados,ABB,1000.0,368042.8333270053,2124.1226750269952,5,3
Busqueda,7500,IDs Ordenados,ABB,10000.0,3764404.7666496285,42219.11098606219,5,3
Insercion,7500,IDs Ordenados,ArbolBPlus,,22663.160040974617,2417.42752235145,5,5
Busqueda,7500,IDs Ordenados,ArbolBPlus,10.0,29.77508120238781,2.463088093706274,5,4
Busqueda,7500,IDs Ordenados,ArbolBPlus,100.0,179.54997019842267,13.417375211176333,5,4
Busqueda,7500,IDs Ordenados,ArbolBPlus,1000.0,2782.8400023281574,1263.0088828035841,5,5
Busqueda,7500,IDs Ordenados,ArbolBPlus,10000.0,23102.249950170517,2773.5491235915374,5,4
Insercion,10000,IDs Aleatorios,ListaEnlazada,,11101.560108363628,463.779725155588,5,5
Busqueda,10000,IDs Aleatorios,ListaEnlazada,10.0,25015.549967065454,1735.6368201131847,5,4
Busqueda,10000,IDs Aleatorios,ListaEnlazada,100.0,240732.79993608594,21733.498387194268,5,5
Busqueda,10000,IDs Aleatorios,ListaEnlazada,1000.0,2105854.1999664158,12467.89760557833,5,4
Busqueda,10000,IDs Aleatorios,ListaEnlazada,10000.0,20520037.999919925,17840.758678988153,5,3
Insercion,10000,IDs Aleatorios,ABB,,24598.419945687056,622.4821917275533,5,5
Busqueda,10000,IDs Aleatorios,ABB,10.0,32.32498420402408,2.568469413863484,5,4
Busqueda,10000,IDs Aleatorios,ABB,100.0,266.13990776240826,27.323587051621363,5,5
Busqueda,10000,IDs Aleatorios,ABB,1000.0,2365.6499688513577,84.296040180033,5,4
Busqueda,10000,IDs Aleatorios,ABB,10000.0,21545.07499653846,350.2468030227962,5,4
Insercion,10000,IDs Aleatorios,ArbolBPlus,,25272.019999101758,328.314714563613,5,5
Busqueda,10000,IDs Aleatorios,ArbolBPlus,10.0,26.049965526908636,2.3921199606959234,5,4
Busqueda,10000,IDs Aleatorios,ArbolBPlus,100.0,164.00008462369442,6.586314830722534,5,3
Busqueda,10000,IDs Aleatorios,ArbolBPlus,1000.0,1515.5400149524212,43.379784815138095,5,5
Busqueda,10000,IDs Aleatorios,ArbolBPlus,10000.0,14283.699973020703,106.31874235983463,5,4
Insercion,10000,IDs Ordenados,ListaEnlazada,,8102.299936581403,192.4906425402008,5,4
Busqueda,10000,IDs Ordenados,ListaEnlazada,10.0,17005.299994101126,848.5025980488455,5,3
Busqueda,10000,IDs Ordenados,ListaEnlazada,100.0,186382.60010629892,7561.701501697876,5,5
Busqueda,10000,IDs Ordenados,ListaEnlazada,1000.0,1859764.2250242643,36758.75731688667,5,4
Busqueda,10000,IDs Ordenados,ListaEnlazada,10000.0,18468043.459998444,218719.5180257716,5,5
Insercion,10000,IDs Ordenados,ABB,,2905872.025003191,47893.28234076185,5,4
Busqueda,10000,IDs Ordenados,ABB,10.0,4015.6399831175804,873.0539897320824,5,5
Busqueda,10000,IDs Ordenados,ABB,100.0,35233.2666516304,146.6033856199398,5,3
Busqueda,10000,IDs Ordenados,ABB,1000.0,348596.57995402813,17867.95743562664,5,5
Busqueda,10000,IDs Ordenados,ABB,10000.0,3330977.1600645036,245734.68666585497,5,5
Insercion,10000,IDs Ordenados,ArbolBPlus,,22546.220012009144,4242.6218387220915,5,5
Busqueda,10000,IDs Ordenados,ArbolBPlus,10.0,29.67999316751957,5.854684483484154,5,5
Busqueda,10000,IDs Ordenados,ArbolBPlus,100.0,182.0750185288489,5.244702045499351,5,4
Busqueda,10000,IDs Ordenados,ArbolBPlus,1000.0,1713.179936632514,212.15139233717855,5,5
Busqueda,10000,IDs Ordenados,ArbolBPlus,10000.0,16335.059981793165,1114.0886022041623,5,5
